date,price_index,tri_level,source
2016-05-16,4036.6,,price_index_nse
2016-05-17,4048.7,,price_index_nse
2016-05-18,4048.58,,price_index_nse
2016-05-19,3999.31,,price_index_nse
2016-05-20,3980.28,,price_index_nse
2016-05-23,3968.52,,price_index_nse
2016-05-24,3966.68,,price_index_nse
2016-05-25,4030.96,,price_index_nse
2016-05-26,4083.59,,price_index_nse
2016-05-27,4123.68,,price_index_nse
2016-05-30,4142.28,,price_index_nse
2016-05-31,4134.29,,price_index_nse
2016-06-01,4133.17,,price_index_nse
2016-06-02,4155.23,,price_index_nse
2016-06-06,4144.81,,price_index_nse
2016-06-07,4176.89,,price_index_nse
2016-06-08,4192.73,,price_index_nse
2016-06-09,4172.69,,price_index_nse
2016-06-13,4129.9,,price_index_nse
2016-06-14,4143.4,,price_index_nse
2016-06-15,4178.57,,price_index_nse
2016-06-16,4152.66,,price_index_nse
2016-06-20,4191.52,,price_index_nse
2016-06-21,4194.0,,price_index_nse
2016-06-22,4182.12,,price_index_nse
2016-06-23,4198.38,,price_index_nse
2016-06-27,4153.09,,price_index_nse
2016-06-28,4177.01,,price_index_nse
2016-06-29,4220.37,,price_index_nse
2016-06-30,4264.6,,price_index_nse
2016-07-04,4326.62,,price_index_nse
2016-07-07,4313.28,,price_index_nse
2016-07-11,4366.59,,price_index_nse
2016-07-12,4386.08,,price_index_nse
2016-07-13,4368.69,,price_index_nse
2016-07-14,4390.72,,price_index_nse
2016-07-18,4349.03,,price_index_nse
2016-07-19,4357.74,,price_index_nse
2016-07-20,4393.28,,price_index_nse
2016-07-21,4374.14,,price_index_nse
2016-07-25,4454.23,,price_index_nse
2016-07-26,4429.07,,price_index_nse
2016-07-27,4450.38,,price_index_nse
2016-07-28,4474.88,,price_index_nse
2016-08-01,4494.31,,price_index_nse
2016-08-02,4475.53,,price_index_nse
2016-08-03,4424.84,,price_index_nse
2016-08-04,4441.25,,price_index_nse
2016-08-08,4533.41,,price_index_nse
2016-08-09,4516.63,,price_index_nse
2016-08-10,4463.66,,price_index_nse
2016-08-11,4470.33,,price_index_nse
2016-08-16,4503.83,,price_index_nse
2016-08-17,4513.76,,price_index_nse
2016-08-18,4546.42,,price_index_nse
2016-08-22,4536.33,,price_index_nse
2016-08-23,4532.92,,price_index_nse
2016-08-24,4550.55,,price_index_nse
2016-08-25,4530.86,,price_index_nse
2016-08-29,4548.35,,price_index_nse
2016-08-30,4607.91,,price_index_nse
2016-08-31,4622.75,,price_index_nse
2016-09-01,4608.7,,price_index_nse
2016-09-06,4695.26,,price_index_nse
2016-09-07,4694.25,,price_index_nse
2016-09-08,4719.37,,price_index_nse
2016-09-14,4609.73,,price_index_nse
2016-09-15,4613.97,,price_index_nse
2016-09-19,4640.91,,price_index_nse
2016-09-20,4623.27,,price_index_nse
2016-09-21,4624.68,,price_index_nse
2016-09-22,4676.18,,price_index_nse
2016-09-26,4634.89,,price_index_nse
2016-09-27,4634.09,,price_index_nse
2016-09-28,4669.97,,price_index_nse
2016-09-29,4545.1,,price_index_nse
2016-10-03,4692.16,,price_index_nse
2016-10-04,4719.69,,price_index_nse
2016-10-05,4730.26,,price_index_nse
2016-10-06,4711.91,,price_index_nse
2016-10-13,4643.05,,price_index_nse
2016-10-17,4623.51,,price_index_nse
2016-10-18,4697.65,,price_index_nse
2016-10-19,4696.63,,price_index_nse
2016-10-20,4713.53,,price_index_nse
2016-10-24,4724.55,,price_index_nse
2016-10-25,4719.59,,price_index_nse
2016-10-26,4681.43,,price_index_nse
2016-10-27,4655.99,,price_index_nse
2016-11-01,4705.73,,price_index_nse
2016-11-02,4630.64,,price_index_nse
2016-11-03,4592.2,,price_index_nse
2016-11-07,4570.4,,price_index_nse
2016-11-08,4592.72,,price_index_nse
2016-11-09,4507.57,,price_index_nse
2016-11-10,4574.03,,price_index_nse
2016-11-15,4285.56,,price_index_nse
2016-11-16,4292.93,,price_index_nse
2016-11-17,4277.15,,price_index_nse
2016-11-21,4183.81,,price_index_nse
2016-11-22,4237.72,,price_index_nse
2016-11-23,4270.68,,price_index_nse
2016-11-24,4242.04,,price_index_nse
2016-11-28,4333.26,,price_index_nse
2016-11-29,4354.02,,price_index_nse
2016-11-30,4403.36,,price_index_nse
2016-12-01,4372.64,,price_index_nse
2016-12-05,4334.82,,price_index_nse
2016-12-06,4348.36,,price_index_nse
2016-12-07,4331.25,,price_index_nse
2016-12-08,4399.66,,price_index_nse
2016-12-12,4361.8,,price_index_nse
2016-12-13,4363.51,,price_index_nse
2016-12-14,4337.91,,price_index_nse
2016-12-15,4333.92,,price_index_nse
2016-12-19,4305.9,,price_index_nse
2016-12-20,4272.84,,price_index_nse
2016-12-21,4267.41,,price_index_nse
2016-12-22,4218.22,,price_index_nse
2016-12-26,4145.94,,price_index_nse
2016-12-27,4211.25,,price_index_nse
2016-12-28,4229.99,,price_index_nse
2016-12-29,4280.36,,price_index_nse
2017-01-02,4335.22,,price_index_nse
2017-01-03,4354.75,,price_index_nse
2017-01-04,4358.92,,price_index_nse
2017-01-05,4404.54,,price_index_nse
2017-01-09,4397.48,,price_index_nse
2017-01-10,4420.82,,price_index_nse
2017-01-11,4474.59,,price_index_nse
2017-01-12,4482.68,,price_index_nse
2017-01-16,4491.98,,price_index_nse
2017-01-17,4495.78,,price_index_nse
2017-01-18,4516.05,,price_index_nse
2017-01-19,4532.68,,price_index_nse
2017-01-23,4499.16,,price_index_nse
2017-01-24,4548.14,,price_index_nse
2017-01-30,4627.38,,price_index_nse
2017-01-31,4580.99,,price_index_nse
2017-02-01,4665.56,,price_index_nse
2017-02-02,4691.99,,price_index_nse
2017-02-06,4753.58,,price_index_nse
2017-02-07,4739.36,,price_index_nse
2017-02-08,4749.98,,price_index_nse
2017-02-09,4757.21,,price_index_nse
2017-02-13,4750.95,,price_index_nse
2017-02-14,4742.21,,price_index_nse
2017-02-15,4692.14,,price_index_nse
2017-02-16,4742.83,,price_index_nse
2017-02-20,4798.87,,price_index_nse
2017-02-21,4821.11,,price_index_nse
2017-02-22,4810.97,,price_index_nse
2017-02-27,4815.56,,price_index_nse
2017-02-28,4824.16,,price_index_nse
2017-03-01,4846.19,,price_index_nse
2017-03-02,4795.64,,price_index_nse
2017-03-06,4829.46,,price_index_nse
2017-03-07,4825.05,,price_index_nse
2017-03-08,4806.45,,price_index_nse
2017-03-09,4804.74,,price_index_nse
2017-03-14,4878.34,,price_index_nse
2017-03-15,4900.6,,price_index_nse
2017-03-16,4954.31,,price_index_nse
2017-03-20,4961.69,,price_index_nse
2017-03-21,4958.29,,price_index_nse
2017-03-22,4906.01,,price_index_nse
2017-03-23,4941.47,,price_index_nse
2017-03-27,4941.2,,price_index_nse
2017-03-28,4967.81,,price_index_nse
2017-03-29,4988.89,,price_index_nse
2017-03-30,5011.51,,price_index_nse
2017-04-05,5099.52,,price_index_nse
2017-04-06,5094.84,,price_index_nse
2017-04-10,5079.18,,price_index_nse
2017-04-11,5116.82,,price_index_nse
2017-04-12,5092.5,,price_index_nse
2017-04-17,5076.42,,price_index_nse
2017-04-18,5057.05,,price_index_nse
2017-04-19,5074.6,,price_index_nse
2017-04-20,5106.67,,price_index_nse
2017-04-24,5145.67,,price_index_nse
2017-04-25,5191.84,,price_index_nse
2017-04-26,5193.98,,price_index_nse
2017-04-27,5193.17,,price_index_nse
2017-05-02,5217.2,,price_index_nse
2017-05-03,5208.97,,price_index_nse
2017-05-04,5233.37,,price_index_nse
2017-05-05,5192.92,,price_index_nse
2017-05-08,5215.17,,price_index_nse
2017-05-09,5225.69,,price_index_nse
2017-05-10,5266.94,,price_index_nse
2017-05-11,5273.7,,price_index_nse
2017-05-12,5244.63,,price_index_nse
2017-05-15,5286.19,,price_index_nse
2017-05-16,5311.49,,price_index_nse
2017-05-17,5303.27,,price_index_nse
2017-05-18,5213.86,,price_index_nse
2017-05-19,5191.54,,price_index_nse
2017-05-22,5163.19,,price_index_nse
2017-05-23,5103.24,,price_index_nse
2017-05-24,5064.91,,price_index_nse
2017-05-25,5142.11,,price_index_nse
2017-05-26,5204.42,,price_index_nse
2017-05-29,5162.57,,price_index_nse
2017-05-30,5188.43,,price_index_nse
2017-05-31,5218.39,,price_index_nse
2017-06-01,5243.16,,price_index_nse
2017-06-05,5292.73,,price_index_nse
2017-06-06,5271.74,,price_index_nse
2017-06-07,5301.25,,price_index_nse
2017-06-08,5304.0,,price_index_nse
2017-06-12,5287.94,,price_index_nse
2017-06-13,5289.36,,price_index_nse
2017-06-14,5306.49,,price_index_nse
2017-06-15,5299.5,,price_index_nse
2017-06-19,5314.82,,price_index_nse
2017-06-20,5317.13,,price_index_nse
2017-06-21,5314.19,,price_index_nse
2017-06-22,5297.09,,price_index_nse
2017-06-27,5195.57,,price_index_nse
2017-06-28,5196.85,,price_index_nse
2017-06-29,5216.78,,price_index_nse
2017-07-03,5297.57,,price_index_nse
2017-07-04,5290.49,,price_index_nse
2017-07-05,5325.65,,price_index_nse
2017-07-06,5340.71,,price_index_nse
2017-07-10,5379.09,,price_index_nse
2017-07-11,5359.68,,price_index_nse
2017-07-12,5389.26,,price_index_nse
2017-07-13,5422.55,,price_index_nse
2017-07-17,5427.58,,price_index_nse
2017-07-18,5388.96,,price_index_nse
2017-07-19,5432.22,,price_index_nse
2017-07-20,5420.63,,price_index_nse
2017-07-24,5444.97,,price_index_nse
2017-07-25,5458.49,,price_index_nse
2017-07-26,5477.17,,price_index_nse
2017-07-27,5473.23,,price_index_nse
2017-07-31,5510.4,,price_index_nse
2017-08-01,5518.42,,price_index_nse
2017-08-02,5509.81,,price_index_nse
2017-08-03,5464.58,,price_index_nse
2017-08-07,5525.87,,price_index_nse
2017-08-08,5480.21,,price_index_nse
2017-08-09,5412.88,,price_index_nse
2017-08-10,5300.56,,price_index_nse
2017-08-16,5419.18,,price_index_nse
2017-08-17,5421.35,,price_index_nse
2017-08-21,5343.01,,price_index_nse
2017-08-22,5327.46,,price_index_nse
2017-08-23,5382.41,,price_index_nse
2017-08-28,5445.66,,price_index_nse
2017-08-29,5390.41,,price_index_nse
2017-08-30,5450.71,,price_index_nse
2017-08-31,5476.42,,price_index_nse
2017-09-04,5483.09,,price_index_nse
2017-09-05,5520.61,,price_index_nse
2017-09-06,5517.06,,price_index_nse
2017-09-07,5534.13,,price_index_nse
2017-09-11,5569.78,,price_index_nse
2017-09-12,5623.84,,price_index_nse
2017-09-13,5601.5,,price_index_nse
2017-09-14,5621.95,,price_index_nse
2017-09-18,5672.56,,price_index_nse
2017-09-19,5676.37,,price_index_nse
2017-09-20,5661.37,,price_index_nse
2017-09-21,5644.96,,price_index_nse
2017-09-25,5453.53,,price_index_nse
2017-09-26,5475.14,,price_index_nse
2017-09-27,5385.86,,price_index_nse
2017-09-28,5415.45,,price_index_nse
2017-10-03,5486.22,,price_index_nse
2017-10-04,5511.0,,price_index_nse
2017-10-05,5520.91,,price_index_nse
2017-10-09,5575.68,,price_index_nse
2017-10-10,5607.68,,price_index_nse
2017-10-11,5571.99,,price_index_nse
2017-10-12,5633.42,,price_index_nse
2017-10-16,5686.39,,price_index_nse
2017-10-17,5700.16,,price_index_nse
2017-10-18,5689.15,,price_index_nse
2017-10-23,5686.32,,price_index_nse
2017-10-24,5702.12,,price_index_nse
2017-10-25,5740.24,,price_index_nse
2017-10-26,5765.97,,price_index_nse
2017-10-30,5816.79,,price_index_nse
2017-10-31,5816.73,,price_index_nse
2017-11-01,5859.58,,price_index_nse
2017-11-02,5870.69,,price_index_nse
2017-11-06,5886.14,,price_index_nse
2017-11-07,5817.4,,price_index_nse
2017-11-08,5781.82,,price_index_nse
2017-11-09,5820.31,,price_index_nse
2017-11-13,5796.38,,price_index_nse
2017-11-14,5777.65,,price_index_nse
2017-11-15,5725.04,,price_index_nse
2017-11-16,5786.95,,price_index_nse
2017-11-20,5857.77,,price_index_nse
2017-11-21,5870.86,,price_index_nse
2017-11-22,5875.96,,price_index_nse
2017-11-23,5886.5,,price_index_nse
2017-11-27,5935.65,,price_index_nse
2017-11-28,5930.57,,price_index_nse
2017-11-29,5920.55,,price_index_nse
2017-11-30,5877.72,,price_index_nse
2017-12-04,5824.36,,price_index_nse
2017-12-05,5829.39,,price_index_nse
2017-12-06,5784.4,,price_index_nse
2017-12-07,5855.06,,price_index_nse
2017-12-11,5934.65,,price_index_nse
2017-12-12,5889.05,,price_index_nse
2017-12-13,5850.37,,price_index_nse
2017-12-14,5861.83,,price_index_nse
2017-12-18,5960.14,,price_index_nse
2017-12-19,6021.85,,price_index_nse
2017-12-20,6033.97,,price_index_nse
2017-12-21,6064.86,,price_index_nse
2017-12-26,6110.9,,price_index_nse
2017-12-27,6101.66,,price_index_nse
2017-12-28,6103.68,,price_index_nse
2018-01-01,6116.29,,price_index_nse
2018-01-02,6090.34,,price_index_nse
2018-01-03,6110.15,,price_index_nse
2018-01-04,6151.3,,price_index_nse
2018-01-08,6248.45,,price_index_nse
2018-01-09,6245.3,,price_index_nse
2018-01-10,6231.16,,price_index_nse
2018-01-11,6247.36,,price_index_nse
2018-01-15,6264.11,,price_index_nse
2018-01-16,6192.73,,price_index_nse
2018-01-17,6239.88,,price_index_nse
2018-01-18,6188.64,,price_index_nse
2018-01-22,6284.34,,price_index_nse
2018-01-23,6337.99,,price_index_nse
2018-01-24,6313.03,,price_index_nse
2018-01-29,6266.63,,price_index_nse
2018-01-30,6218.42,,price_index_nse
2018-01-31,6171.73,,price_index_nse
2018-02-01,6157.72,,price_index_nse
2018-02-05,5916.61,,price_index_nse
2018-02-06,5816.9,,price_index_nse
2018-02-07,5830.82,,price_index_nse
2018-02-08,5914.72,,price_index_nse
2018-02-14,5953.07,,price_index_nse
2018-02-15,5937.66,,price_index_nse
2018-02-19,5833.49,,price_index_nse
2018-02-20,5825.45,,price_index_nse
2018-02-21,5835.25,,price_index_nse
2018-02-22,5812.67,,price_index_nse
2018-02-26,5940.54,,price_index_nse
2018-02-27,5919.84,,price_index_nse
2018-02-28,5904.5,,price_index_nse
2018-03-05,5825.4,,price_index_nse
2018-03-06,5767.52,,price_index_nse
2018-03-07,5696.65,,price_index_nse
2018-03-08,5738.58,,price_index_nse
2018-03-12,5802.57,,price_index_nse
2018-03-13,5834.27,,price_index_nse
2018-03-14,5835.47,,price_index_nse
2018-03-15,5833.92,,price_index_nse
2018-03-19,5682.24,,price_index_nse
2018-03-20,5699.64,,price_index_nse
2018-03-21,5716.88,,price_index_nse
2018-03-22,5685.51,,price_index_nse
2018-03-26,5690.04,,price_index_nse
2018-03-27,5739.36,,price_index_nse
2018-04-02,5782.28,,price_index_nse
2018-04-03,5818.12,,price_index_nse
2018-04-04,5757.36,,price_index_nse
2018-04-05,5862.91,,price_index_nse
2018-04-09,5901.38,,price_index_nse
2018-04-10,5911.27,,price_index_nse
2018-04-11,5918.43,,price_index_nse
2018-04-12,5918.95,,price_index_nse
2018-04-16,5969.12,,price_index_nse
2018-04-17,5982.78,,price_index_nse
2018-04-18,5972.49,,price_index_nse
2018-04-19,6002.52,,price_index_nse
2018-04-23,6012.2,,price_index_nse
2018-04-24,6018.77,,price_index_nse
2018-04-25,5997.12,,price_index_nse
2018-04-26,6018.32,,price_index_nse
2018-05-02,6049.06,,price_index_nse
2018-05-03,6006.32,,price_index_nse
2018-05-04,5978.84,,price_index_nse
2018-05-07,6026.86,,price_index_nse
2018-05-08,6025.78,,price_index_nse
2018-05-09,6012.73,,price_index_nse
2018-05-10,5960.86,,price_index_nse
2018-05-11,5992.91,,price_index_nse
2018-05-14,5962.12,,price_index_nse
2018-05-15,5935.87,,price_index_nse
2018-05-16,5916.78,,price_index_nse
2018-05-17,5912.67,,price_index_nse
2018-05-18,5849.87,,price_index_nse
2018-05-21,5777.23,,price_index_nse
2018-05-22,5796.65,,price_index_nse
2018-05-23,5754.97,,price_index_nse
2018-05-24,5765.59,,price_index_nse
2018-05-25,5839.21,,price_index_nse
2018-05-28,5901.64,,price_index_nse
2018-05-29,5882.0,,price_index_nse
2018-05-30,5876.25,,price_index_nse
2018-05-31,5899.86,,price_index_nse
2018-06-04,5800.32,,price_index_nse
2018-06-05,5751.5,,price_index_nse
2018-06-06,5815.84,,price_index_nse
2018-06-07,5880.5,,price_index_nse
2018-06-11,5906.02,,price_index_nse
2018-06-12,5944.07,,price_index_nse
2018-06-13,5937.05,,price_index_nse
2018-06-14,5927.33,,price_index_nse
2018-06-18,5895.79,,price_index_nse
2018-06-19,5838.36,,price_index_nse
2018-06-20,5863.66,,price_index_nse
2018-06-21,5839.22,,price_index_nse
2018-06-25,5830.96,,price_index_nse
2018-06-26,5826.78,,price_index_nse
2018-06-27,5756.61,,price_index_nse
2018-06-28,5684.47,,price_index_nse
2018-07-02,5738.79,,price_index_nse
2018-07-03,5768.95,,price_index_nse
2018-07-04,5792.53,,price_index_nse
2018-07-05,5767.51,,price_index_nse
2018-07-09,5851.78,,price_index_nse
2018-07-10,5899.01,,price_index_nse
2018-07-11,5885.65,,price_index_nse
2018-07-12,5891.65,,price_index_nse
2018-07-16,5765.21,,price_index_nse
2018-07-17,5841.27,,price_index_nse
2018-07-18,5803.2,,price_index_nse
2018-07-19,5775.41,,price_index_nse
2018-07-23,5866.71,,price_index_nse
2018-07-24,5929.44,,price_index_nse
2018-07-25,5928.24,,price_index_nse
2018-07-26,5952.21,,price_index_nse
2018-07-30,6025.82,,price_index_nse
2018-07-31,6047.38,,price_index_nse
2018-08-01,6053.46,,price_index_nse
2018-08-02,6027.62,,price_index_nse
2018-08-06,6103.64,,price_index_nse
2018-08-07,6098.92,,price_index_nse
2018-08-08,6115.99,,price_index_nse
2018-08-09,6133.57,,price_index_nse
2018-08-13,6069.52,,price_index_nse
2018-08-16,6106.61,,price_index_nse
2018-08-20,6203.58,,price_index_nse
2018-08-23,6220.96,,price_index_nse
2018-08-27,6277.12,,price_index_nse
2018-08-28,6287.61,,price_index_nse
2018-08-29,6292.32,,price_index_nse
2018-08-30,6295.4,,price_index_nse
2018-09-03,6274.02,,price_index_nse
2018-09-04,6175.0,,price_index_nse
2018-09-05,6144.22,,price_index_nse
2018-09-06,6171.96,,price_index_nse
2018-09-10,6131.64,,price_index_nse
2018-09-11,6051.38,,price_index_nse
2018-09-17,6111.64,,price_index_nse
2018-09-18,6041.14,,price_index_nse
2018-09-24,5785.16,,price_index_nse
2018-09-25,5807.88,,price_index_nse
2018-09-26,5815.88,,price_index_nse
2018-09-27,5733.12,,price_index_nse
2018-10-03,5624.77,,price_index_nse
2018-10-04,5504.09,,price_index_nse
2018-10-08,5317.83,,price_index_nse
2018-10-09,5295.58,,price_index_nse
2018-10-10,5442.0,,price_index_nse
2018-10-11,5327.38,,price_index_nse
2018-10-15,5491.78,,price_index_nse
2018-10-16,5553.46,,price_index_nse
2018-10-22,5335.53,,price_index_nse
2018-10-23,5283.08,,price_index_nse
2018-10-24,5332.03,,price_index_nse
2018-10-25,5289.61,,price_index_nse
2018-10-29,5394.96,,price_index_nse
2018-10-30,5405.01,,price_index_nse
2018-10-31,5501.76,,price_index_nse
2018-11-01,5524.3,,price_index_nse
2018-11-05,5566.89,,price_index_nse
2018-11-06,5554.18,,price_index_nse
2018-11-12,5568.57,,price_index_nse
2018-11-13,5599.98,,price_index_nse
2018-11-14,5602.16,,price_index_nse
2018-11-15,5626.39,,price_index_nse
2018-11-19,5672.09,,price_index_nse
2018-11-20,5617.08,,price_index_nse
2018-11-21,5616.87,,price_index_nse
2018-11-26,5607.9,,price_index_nse
2018-11-27,5635.14,,price_index_nse
2018-11-28,5622.84,,price_index_nse
2018-11-29,5668.94,,price_index_nse
2018-12-03,5712.18,,price_index_nse
2018-12-04,5706.5,,price_index_nse
2018-12-05,5647.37,,price_index_nse
2018-12-06,5557.79,,price_index_nse
2018-12-10,5471.52,,price_index_nse
2018-12-11,5532.22,,price_index_nse
2018-12-12,5652.88,,price_index_nse
2018-12-13,5691.82,,price_index_nse
2018-12-17,5733.22,,price_index_nse
2018-12-18,5747.0,,price_index_nse
2018-12-19,5799.49,,price_index_nse
2018-12-20,5795.81,,price_index_nse
2018-12-26,5672.62,,price_index_nse
2018-12-27,5696.51,,price_index_nse
2018-12-31,5763.86,,price_index_nse
2019-01-01,5774.99,,price_index_nse
2019-01-02,5714.4,,price_index_nse
2019-01-03,5665.08,,price_index_nse
2019-01-07,5701.76,,price_index_nse
2019-01-08,5707.44,,price_index_nse
2019-01-09,5717.41,,price_index_nse
2019-01-10,5723.93,,price_index_nse
2019-01-14,5688.37,,price_index_nse
2019-01-15,5740.78,,price_index_nse
2019-01-16,5737.02,,price_index_nse
2019-01-17,5733.25,,price_index_nse
2019-01-21,5706.81,,price_index_nse
2019-01-22,5695.92,,price_index_nse
2019-01-23,5666.15,,price_index_nse
2019-01-24,5661.68,,price_index_nse
2019-01-28,5523.2,,price_index_nse
2019-01-29,5527.75,,price_index_nse
2019-01-30,5542.75,,price_index_nse
2019-01-31,5600.62,,price_index_nse
2019-02-04,5614.86,,price_index_nse
2019-02-05,5596.09,,price_index_nse
2019-02-06,5630.7,,price_index_nse
2019-02-07,5654.89,,price_index_nse
2019-02-11,5529.81,,price_index_nse
2019-02-12,5510.31,,price_index_nse
2019-02-13,5490.57,,price_index_nse
2019-02-14,5492.35,,price_index_nse
2019-02-18,5408.88,,price_index_nse
2019-02-19,5413.58,,price_index_nse
2019-02-20,5471.54,,price_index_nse
2019-02-21,5511.76,,price_index_nse
2019-02-25,5558.86,,price_index_nse
2019-02-26,5545.93,,price_index_nse
2019-02-27,5551.48,,price_index_nse
2019-02-28,5564.89,,price_index_nse
2019-03-05,5712.51,,price_index_nse
2019-03-06,5742.31,,price_index_nse
2019-03-07,5734.27,,price_index_nse
2019-03-11,5820.05,,price_index_nse
2019-03-12,5868.6,,price_index_nse
2019-03-13,5861.8,,price_index_nse
2019-03-14,5860.72,,price_index_nse
2019-03-18,5897.22,,price_index_nse
2019-03-19,5930.17,,price_index_nse
2019-03-25,5833.97,,price_index_nse
2019-03-26,5894.58,,price_index_nse
2019-03-27,5900.75,,price_index_nse
2019-03-28,5965.62,,price_index_nse
2019-04-01,6031.23,,price_index_nse
2019-04-02,6039.7,,price_index_nse
2019-04-03,5993.75,,price_index_nse
2019-04-04,5979.21,,price_index_nse
2019-04-08,5980.11,,price_index_nse
2019-04-09,5999.4,,price_index_nse
2019-04-10,5973.39,,price_index_nse
2019-04-11,5978.69,,price_index_nse
2019-04-15,6029.41,,price_index_nse
2019-04-22,5933.76,,price_index_nse
2019-04-23,5932.32,,price_index_nse
2019-04-24,5976.15,,price_index_nse
2019-04-25,5944.06,,price_index_nse
2019-05-02,5910.57,,price_index_nse
2019-05-03,5905.13,,price_index_nse
2019-05-06,5853.97,,price_index_nse
2019-05-07,5800.75,,price_index_nse
2019-05-08,5739.88,,price_index_nse
2019-05-09,5719.88,,price_index_nse
2019-05-10,5724.23,,price_index_nse
2019-05-13,5632.99,,price_index_nse
2019-05-14,5661.22,,price_index_nse
2019-05-15,5629.95,,price_index_nse
2019-05-16,5659.29,,price_index_nse
2019-05-17,5722.93,,price_index_nse
2019-05-20,5931.6,,price_index_nse
2019-05-21,5873.58,,price_index_nse
2019-05-22,5880.91,,price_index_nse
2019-05-23,5860.77,,price_index_nse
2019-05-24,5966.67,,price_index_nse
2019-05-27,6034.52,,price_index_nse
2019-05-28,6043.37,,price_index_nse
2019-05-29,6006.77,,price_index_nse
2019-05-30,6043.53,,price_index_nse
2019-05-31,6042.41,,price_index_nse
2019-06-03,6108.17,,price_index_nse
2019-06-06,5995.35,,price_index_nse
2019-06-10,6012.98,,price_index_nse
2019-06-11,6042.5,,price_index_nse
2019-06-12,6001.74,,price_index_nse
2019-06-13,5994.63,,price_index_nse
2019-06-17,5871.61,,price_index_nse
2019-06-18,5872.92,,price_index_nse
2019-06-19,5844.35,,price_index_nse
2019-06-20,5920.86,,price_index_nse
2019-06-24,5884.26,,price_index_nse
2019-06-25,5925.22,,price_index_nse
2019-06-26,5962.12,,price_index_nse
2019-06-27,5977.27,,price_index_nse
2019-07-01,5986.04,,price_index_nse
2019-07-02,6005.98,,price_index_nse
2019-07-03,6013.84,,price_index_nse
2019-07-04,6016.96,,price_index_nse
2019-07-08,5800.88,,price_index_nse
2019-07-09,5810.86,,price_index_nse
2019-07-10,5770.17,,price_index_nse
2019-07-11,5811.72,,price_index_nse
2019-07-15,5805.83,,price_index_nse
2019-07-16,5844.65,,price_index_nse
2019-07-17,5843.67,,price_index_nse
2019-07-18,5777.94,,price_index_nse
2019-07-22,5645.85,,price_index_nse
2019-07-23,5630.95,,price_index_nse
2019-07-24,5573.92,,price_index_nse
2019-07-25,5584.71,,price_index_nse
2019-07-29,5558.87,,price_index_nse
2019-07-30,5486.1,,price_index_nse
2019-07-31,5524.92,,price_index_nse
2019-08-01,5465.29,,price_index_nse
2019-08-05,5396.57,,price_index_nse
2019-08-06,5465.67,,price_index_nse
2019-08-07,5431.38,,price_index_nse
2019-08-08,5491.48,,price_index_nse
2019-08-13,5438.31,,price_index_nse
2019-08-19,5509.9,,price_index_nse
2019-08-20,5479.37,,price_index_nse
2019-08-21,5416.77,,price_index_nse
2019-08-22,5327.48,,price_index_nse
2019-08-26,5464.88,,price_index_nse
2019-08-27,5503.25,,price_index_nse
2019-08-28,5465.31,,price_index_nse
2019-08-29,5433.22,,price_index_nse
2019-09-03,5381.71,,price_index_nse
2019-09-04,5400.77,,price_index_nse
2019-09-05,5409.91,,price_index_nse
2019-09-11,5524.08,,price_index_nse
2019-09-12,5504.73,,price_index_nse
2019-09-16,5522.95,,price_index_nse
2019-09-17,5426.34,,price_index_nse
2019-09-18,5442.78,,price_index_nse
2019-09-19,5369.51,,price_index_nse
2019-09-23,5820.35,,price_index_nse
2019-09-24,5803.56,,price_index_nse
2019-09-25,5718.73,,price_index_nse
2019-09-26,5774.27,,price_index_nse
2019-09-30,5687.47,,price_index_nse
2019-10-03,5597.46,,price_index_nse
2019-10-09,5593.61,,price_index_nse
2019-10-10,5547.91,,price_index_nse
2019-10-14,5588.48,,price_index_nse
2019-10-15,5618.49,,price_index_nse
2019-10-16,5624.5,,price_index_nse
2019-10-17,5701.94,,price_index_nse
2019-10-22,5762.06,,price_index_nse
2019-10-23,5768.82,,price_index_nse
2019-10-24,5756.8,,price_index_nse
2019-10-29,5854.45,,price_index_nse
2019-10-30,5883.23,,price_index_nse
2019-10-31,5929.44,,price_index_nse
2019-11-04,5949.44,,price_index_nse
2019-11-05,5913.87,,price_index_nse
2019-11-06,5922.15,,price_index_nse
2019-11-07,5953.69,,price_index_nse
2019-11-13,5885.26,,price_index_nse
2019-11-14,5897.7,,price_index_nse
2019-11-18,5927.57,,price_index_nse
2019-11-19,5946.61,,price_index_nse
2019-11-20,5966.92,,price_index_nse
2019-11-21,5937.65,,price_index_nse
2019-11-25,5995.69,,price_index_nse
2019-11-26,5963.16,,price_index_nse
2019-11-27,6000.97,,price_index_nse
2019-11-28,6040.58,,price_index_nse
2019-12-02,6005.67,,price_index_nse
2019-12-03,5963.24,,price_index_nse
2019-12-04,5992.32,,price_index_nse
2019-12-05,5977.22,,price_index_nse
2019-12-09,5917.01,,price_index_nse
2019-12-10,5863.07,,price_index_nse
2019-12-11,5893.14,,price_index_nse
2019-12-12,5930.6,,price_index_nse
2019-12-16,5964.46,,price_index_nse
2019-12-17,6005.28,,price_index_nse
2019-12-18,6011.09,,price_index_nse
2019-12-19,6024.89,,price_index_nse
2019-12-23,6022.1,,price_index_nse
2019-12-26,5991.74,,price_index_nse
2019-12-30,6061.88,,price_index_nse
2019-12-31,6045.55,,price_index_nse
2020-01-01,6059.15,,price_index_nse
2020-01-02,6122.02,,price_index_nse
2020-01-06,5971.95,,price_index_nse
2020-01-07,6009.32,,price_index_nse
2020-01-08,6009.05,,price_index_nse
2020-01-09,6097.59,,price_index_nse
2020-01-13,6156.13,,price_index_nse
2020-01-14,6185.84,,price_index_nse
2020-01-15,6212.26,,price_index_nse
2020-01-16,6241.23,,price_index_nse
2020-01-20,6210.29,,price_index_nse
2020-01-21,6193.13,,price_index_nse
2020-01-22,6172.78,,price_index_nse
2020-01-23,6233.14,,price_index_nse
2020-01-27,6240.6,,price_index_nse
2020-01-28,6220.32,,price_index_nse
2020-01-29,6247.48,,price_index_nse
2020-01-30,6196.65,,price_index_nse
2020-01-31,6163.12,,price_index_nse
2020-02-03,6048.17,,price_index_nse
2020-02-04,6150.05,,price_index_nse
2020-02-05,6214.01,,price_index_nse
2020-02-06,6247.28,,price_index_nse
2020-02-10,6227.47,,price_index_nse
2020-02-11,6245.25,,price_index_nse
2020-02-12,6260.75,,price_index_nse
2020-02-13,6250.5,,price_index_nse
2020-02-17,6165.33,,price_index_nse
2020-02-18,6134.11,,price_index_nse
2020-02-19,6216.26,,price_index_nse
2020-02-24,6111.14,,price_index_nse
2020-02-25,6087.33,,price_index_nse
2020-02-26,6019.83,,price_index_nse
2020-02-27,5987.43,,price_index_nse
2020-03-02,5752.7,,price_index_nse
2020-03-03,5848.34,,price_index_nse
2020-03-04,5788.63,,price_index_nse
2020-03-05,5801.89,,price_index_nse
2020-03-11,5396.16,,price_index_nse
2020-03-12,4959.38,,price_index_nse
2020-03-16,4771.17,,price_index_nse
2020-03-17,4659.08,,price_index_nse
2020-03-18,4406.51,,price_index_nse
2020-03-19,4261.67,,price_index_nse
2020-03-23,3894.57,,price_index_nse
2020-03-24,3960.05,,price_index_nse
2020-03-25,4149.43,,price_index_nse
2020-03-26,4310.97,,price_index_nse
2020-03-30,4170.35,,price_index_nse
2020-03-31,4304.47,,price_index_nse
2020-04-07,4388.44,,price_index_nse
2020-04-08,4419.82,,price_index_nse
2020-04-15,4545.85,,price_index_nse
2020-04-16,4597.84,,price_index_nse
2020-04-20,4721.45,,price_index_nse
2020-04-21,4586.4,,price_index_nse
2020-04-22,4652.39,,price_index_nse
2020-04-23,4706.86,,price_index_nse
2020-04-27,4698.68,,price_index_nse
2020-04-28,4745.63,,price_index_nse
2020-04-29,4816.13,,price_index_nse
2020-05-04,4700.83,,price_index_nse
2020-05-05,4661.67,,price_index_nse
2020-05-06,4691.39,,price_index_nse
2020-05-07,4660.76,,price_index_nse
2020-05-08,4667.32,,price_index_nse
2020-05-11,4677.19,,price_index_nse
2020-05-12,4652.14,,price_index_nse
2020-05-13,4741.36,,price_index_nse
2020-05-14,4674.95,,price_index_nse
2020-05-15,4665.92,,price_index_nse
2020-05-18,4495.32,,price_index_nse
2020-05-19,4515.48,,price_index_nse
2020-05-20,4594.91,,price_index_nse
2020-05-21,4626.11,,price_index_nse
2020-05-22,4595.93,,price_index_nse
2020-05-26,4619.48,,price_index_nse
2020-05-27,4691.58,,price_index_nse
2020-05-28,4769.29,,price_index_nse
2020-05-29,4826.73,,price_index_nse
2020-06-01,4954.7,,price_index_nse
2020-06-02,5023.47,,price_index_nse
2020-06-03,5060.71,,price_index_nse
2020-06-04,5049.33,,price_index_nse
2020-06-08,5141.29,,price_index_nse
2020-06-09,5099.81,,price_index_nse
2020-06-10,5142.78,,price_index_nse
2020-06-11,5057.73,,price_index_nse
2020-06-15,5035.52,,price_index_nse
2020-06-16,5072.7,,price_index_nse
2020-06-17,5074.22,,price_index_nse
2020-06-18,5152.75,,price_index_nse
2020-06-22,5285.31,,price_index_nse
2020-06-23,5369.69,,price_index_nse
2020-06-24,5299.77,,price_index_nse
2020-06-25,5321.27,,price_index_nse
2020-06-29,5286.53,,price_index_nse
2020-06-30,5276.28,,price_index_nse
2020-07-01,5311.08,,price_index_nse
2020-07-02,5369.14,,price_index_nse
2020-07-06,5480.58,,price_index_nse
2020-07-07,5504.21,,price_index_nse
2020-07-08,5466.74,,price_index_nse
2020-07-09,5494.33,,price_index_nse
2020-07-13,5468.24,,price_index_nse
2020-07-14,5392.05,,price_index_nse
2020-07-15,5383.06,,price_index_nse
2020-07-16,5421.36,,price_index_nse
2020-07-20,5548.19,,price_index_nse
2020-07-21,5583.38,,price_index_nse
2020-07-22,5573.88,,price_index_nse
2020-07-23,5614.45,,price_index_nse
2020-07-27,5551.09,,price_index_nse
2020-07-28,5610.42,,price_index_nse
2020-07-29,5603.04,,price_index_nse
2020-07-30,5562.33,,price_index_nse
2020-08-03,5534.62,,price_index_nse
2020-08-04,5609.53,,price_index_nse
2020-08-05,5625.04,,price_index_nse
2020-08-06,5680.78,,price_index_nse
2020-08-10,5773.77,,price_index_nse
2020-08-11,5772.69,,price_index_nse
2020-08-12,5770.61,,price_index_nse
2020-08-13,5813.41,,price_index_nse
2020-08-17,5789.86,,price_index_nse
2020-08-18,5862.18,,price_index_nse
2020-08-19,5888.33,,price_index_nse
2020-08-20,5890.33,,price_index_nse
2020-08-24,5974.8,,price_index_nse
2020-08-25,5986.74,,price_index_nse
2020-08-26,6019.7,,price_index_nse
2020-08-27,6028.5,,price_index_nse
2020-08-31,5877.85,,price_index_nse
2020-09-01,5923.53,,price_index_nse
2020-09-02,5986.72,,price_index_nse
2020-09-03,6012.89,,price_index_nse
2020-09-07,5897.29,,price_index_nse
2020-09-08,5850.14,,price_index_nse
2020-09-09,5822.94,,price_index_nse
2020-09-10,5898.08,,price_index_nse
2020-09-14,5996.69,,price_index_nse
2020-09-15,6055.39,,price_index_nse
2020-09-16,6085.68,,price_index_nse
2020-09-17,6051.11,,price_index_nse
2020-09-21,5870.61,,price_index_nse
2020-09-22,5794.92,,price_index_nse
2020-09-23,5778.18,,price_index_nse
2020-09-24,5635.21,,price_index_nse
2020-09-28,5897.96,,price_index_nse
2020-09-29,5891.52,,price_index_nse
2020-09-30,5902.99,,price_index_nse
2020-10-05,5984.83,,price_index_nse
2020-10-06,6038.55,,price_index_nse
2020-10-07,6038.67,,price_index_nse
2020-10-08,6058.96,,price_index_nse
2020-10-12,6055.91,,price_index_nse
2020-10-13,6041.25,,price_index_nse
2020-10-14,6047.89,,price_index_nse
2020-10-15,5930.66,,price_index_nse
2020-10-19,6027.65,,price_index_nse
2020-10-20,6049.33,,price_index_nse
2020-10-21,6063.03,,price_index_nse
2020-10-22,6074.3,,price_index_nse
2020-10-26,6017.54,,price_index_nse
2020-10-27,6084.24,,price_index_nse
2020-10-28,6020.55,,price_index_nse
2020-10-29,5998.03,,price_index_nse
2020-11-02,6016.51,,price_index_nse
2020-11-03,6073.35,,price_index_nse
2020-11-04,6112.46,,price_index_nse
2020-11-05,6219.67,,price_index_nse
2020-11-09,6349.56,,price_index_nse
2020-11-10,6390.98,,price_index_nse
2020-11-11,6429.95,,price_index_nse
2020-11-12,6436.06,,price_index_nse
2020-11-13,6476.31,,price_index_nse
2020-11-17,6575.23,,price_index_nse
2020-11-18,6638.08,,price_index_nse
2020-11-19,6583.0,,price_index_nse
2020-11-23,6695.18,,price_index_nse
2020-11-24,6754.29,,price_index_nse
2020-11-25,6651.59,,price_index_nse
2020-11-26,6707.59,,price_index_nse
2020-12-01,6855.34,,price_index_nse
2020-12-02,6881.17,,price_index_nse
2020-12-03,6904.81,,price_index_nse
2020-12-07,7010.51,,price_index_nse
2020-12-08,7016.44,,price_index_nse
2020-12-09,7067.23,,price_index_nse
2020-12-10,7031.64,,price_index_nse
2020-12-14,7080.31,,price_index_nse
2020-12-15,7091.68,,price_index_nse
2020-12-16,7160.06,,price_index_nse
2020-12-17,7164.59,,price_index_nse
2020-12-21,6895.02,,price_index_nse
2020-12-22,6953.99,,price_index_nse
2020-12-23,7071.36,,price_index_nse
2020-12-28,7185.59,,price_index_nse
2020-12-29,7195.5,,price_index_nse
2020-12-30,7220.71,,price_index_nse
2020-12-31,7234.79,,price_index_nse
2021-01-04,7374.24,,price_index_nse
2021-01-05,7425.81,,price_index_nse
2021-01-06,7426.46,,price_index_nse
2021-01-07,7473.9,,price_index_nse
2021-01-11,7591.96,,price_index_nse
2021-01-12,7626.42,,price_index_nse
2021-01-13,7603.77,,price_index_nse
2021-01-14,7616.3,,price_index_nse
2021-01-18,7417.01,,price_index_nse
2021-01-19,7559.26,,price_index_nse
2021-01-20,7624.56,,price_index_nse
2021-01-21,7568.28,,price_index_nse
2021-01-27,7272.8,,price_index_nse
2021-01-28,7215.09,,price_index_nse
2021-02-01,7421.27,,price_index_nse
2021-02-02,7599.41,,price_index_nse
2021-02-03,7686.59,,price_index_nse
2021-02-04,7766.82,,price_index_nse
2021-02-08,7841.41,,price_index_nse
2021-02-09,7841.46,,price_index_nse
2021-02-10,7870.24,,price_index_nse
2021-02-11,7896.37,,price_index_nse
2021-02-15,7977.61,,price_index_nse
2021-02-16,8000.39,,price_index_nse
2021-02-17,7989.64,,price_index_nse
2021-02-18,7988.7,,price_index_nse
2021-02-22,7770.56,,price_index_nse
2021-02-23,7819.73,,price_index_nse
2021-02-24,7923.03,,price_index_nse
2021-02-25,8009.87,,price_index_nse
2021-03-01,7939.01,,price_index_nse
2021-03-02,8047.8,,price_index_nse
2021-03-03,8196.18,,price_index_nse
2021-03-04,8180.72,,price_index_nse
2021-03-08,8076.45,,price_index_nse
2021-03-09,8090.67,,price_index_nse
2021-03-15,8038.39,,price_index_nse
2021-03-16,8048.54,,price_index_nse
2021-03-17,7904.55,,price_index_nse
2021-03-18,7805.11,,price_index_nse
2021-03-22,7922.23,,price_index_nse
2021-03-23,7974.53,,price_index_nse
2021-03-24,7832.54,,price_index_nse
2021-03-25,7698.42,,price_index_nse
2021-03-30,7953.9,,price_index_nse
2021-03-31,7935.05,,price_index_nse
2021-04-05,7933.55,,price_index_nse
2021-04-06,7975.15,,price_index_nse
2021-04-07,8060.58,,price_index_nse
2021-04-08,8101.61,,price_index_nse
2021-04-12,7739.27,,price_index_nse
2021-04-15,7867.81,,price_index_nse
2021-04-19,7776.67,,price_index_nse
2021-04-22,7814.66,,price_index_nse
2021-04-26,7880.44,,price_index_nse
2021-04-27,7981.05,,price_index_nse
2021-04-28,8076.38,,price_index_nse
2021-04-29,8073.89,,price_index_nse
2021-05-03,8014.21,,price_index_nse
2021-05-04,7967.68,,price_index_nse
2021-05-05,8039.02,,price_index_nse
2021-05-06,8096.04,,price_index_nse
2021-05-07,8107.57,,price_index_nse
2021-05-10,8167.01,,price_index_nse
2021-05-11,8179.69,,price_index_nse
2021-05-12,8117.83,,price_index_nse
2021-05-14,8045.99,,price_index_nse
2021-05-17,8177.74,,price_index_nse
2021-05-18,8296.76,,price_index_nse
2021-05-19,8282.61,,price_index_nse
2021-05-20,8247.63,,price_index_nse
2021-05-21,8344.13,,price_index_nse
2021-05-24,8384.54,,price_index_nse
2021-05-25,8382.31,,price_index_nse
2021-05-26,8409.78,,price_index_nse
2021-05-27,8443.75,,price_index_nse
2021-05-28,8463.77,,price_index_nse
2021-05-31,8521.2,,price_index_nse
2021-06-01,8510.62,,price_index_nse
2021-06-02,8577.0,,price_index_nse
2021-06-03,8646.99,,price_index_nse
2021-06-07,8747.97,,price_index_nse
2021-06-08,8775.83,,price_index_nse
2021-06-09,8713.2,,price_index_nse
2021-06-10,8809.43,,price_index_nse
2021-06-14,8823.69,,price_index_nse
2021-06-15,8864.71,,price_index_nse
2021-06-16,8794.73,,price_index_nse
2021-06-17,8724.79,,price_index_nse
2021-06-21,8727.41,,price_index_nse
2021-06-22,8744.35,,price_index_nse
2021-06-23,8713.35,,price_index_nse
2021-06-24,8723.89,,price_index_nse
2021-06-28,8797.09,,price_index_nse
2021-06-29,8761.16,,price_index_nse
2021-06-30,8768.45,,price_index_nse
2021-07-01,8750.56,,price_index_nse
2021-07-05,8834.42,,price_index_nse
2021-07-06,8835.0,,price_index_nse
2021-07-07,8872.92,,price_index_nse
2021-07-08,8817.85,,price_index_nse
2021-07-12,8849.54,,price_index_nse
2021-07-13,8889.65,,price_index_nse
2021-07-14,8914.44,,price_index_nse
2021-07-15,8948.99,,price_index_nse
2021-07-19,8890.44,,price_index_nse
2021-07-22,8901.93,,price_index_nse
2021-07-26,8909.8,,price_index_nse
2021-07-27,8866.68,,price_index_nse
2021-07-28,8841.74,,price_index_nse
2021-07-29,8891.17,,price_index_nse
2021-08-02,9024.64,,price_index_nse
2021-08-03,9098.26,,price_index_nse
2021-08-04,9079.86,,price_index_nse
2021-08-05,9088.2,,price_index_nse
2021-08-09,9049.55,,price_index_nse
2021-08-10,9001.35,,price_index_nse
2021-08-11,8981.7,,price_index_nse
2021-08-12,9049.4,,price_index_nse
2021-08-16,9077.55,,price_index_nse
2021-08-17,9109.35,,price_index_nse
2021-08-23,8963.45,,price_index_nse
2021-08-24,9054.65,,price_index_nse
2021-08-25,9079.05,,price_index_nse
2021-08-26,9090.2,,price_index_nse
2021-08-30,9304.45,,price_index_nse
2021-08-31,9391.65,,price_index_nse
2021-09-01,9412.05,,price_index_nse
2021-09-02,9493.8,,price_index_nse
2021-09-06,9571.45,,price_index_nse
2021-09-07,9555.65,,price_index_nse
2021-09-08,9575.85,,price_index_nse
2021-09-13,9622.35,,price_index_nse
2021-09-14,9690.0,,price_index_nse
2021-09-15,9773.4,,price_index_nse
2021-09-16,9823.85,,price_index_nse
2021-09-20,9592.85,,price_index_nse
2021-09-21,9661.45,,price_index_nse
2021-09-22,9730.4,,price_index_nse
2021-09-23,9866.5,,price_index_nse
2021-09-27,9827.9,,price_index_nse
2021-09-28,9765.45,,price_index_nse
2021-09-29,9794.4,,price_index_nse
2021-09-30,9797.05,,price_index_nse
2021-10-04,9908.25,,price_index_nse
2021-10-05,9965.15,,price_index_nse
2021-10-06,9874.3,,price_index_nse
2021-10-07,10007.65,,price_index_nse
2021-10-11,10099.7,,price_index_nse
2021-10-12,10132.95,,price_index_nse
2021-10-13,10244.15,,price_index_nse
2021-10-18,10412.05,,price_index_nse
2021-10-19,10284.0,,price_index_nse
2021-10-20,10129.3,,price_index_nse
2021-10-21,10074.5,,price_index_nse
2021-10-25,9927.4,,price_index_nse
2021-10-26,10052.65,,price_index_nse
2021-10-27,10048.6,,price_index_nse
2021-10-28,9866.85,,price_index_nse
2021-11-01,9970.6,,price_index_nse
2021-11-02,10006.6,,price_index_nse
2021-11-03,9984.6,,price_index_nse
2021-11-08,10156.65,,price_index_nse
2021-11-09,10205.3,,price_index_nse
2021-11-10,10180.75,,price_index_nse
2021-11-11,10110.2,,price_index_nse
2021-11-15,10219.55,,price_index_nse
2021-11-16,10181.55,,price_index_nse
2021-11-17,10134.3,,price_index_nse
2021-11-22,9779.35,,price_index_nse
2021-11-23,9886.35,,price_index_nse
2021-11-24,9847.2,,price_index_nse
2021-11-25,9905.35,,price_index_nse
2021-11-29,9562.3,,price_index_nse
2021-11-30,9580.5,,price_index_nse
2021-12-01,9667.9,,price_index_nse
2021-12-02,9788.2,,price_index_nse
2021-12-06,9585.05,,price_index_nse
2021-12-07,9716.6,,price_index_nse
2021-12-08,9869.0,,price_index_nse
2021-12-09,9910.3,,price_index_nse
2021-12-13,9906.05,,price_index_nse
2021-12-14,9885.0,,price_index_nse
2021-12-15,9827.05,,price_index_nse
2021-12-16,9799.45,,price_index_nse
2021-12-20,9345.15,,price_index_nse
2021-12-21,9456.15,,price_index_nse
2021-12-22,9580.55,,price_index_nse
2021-12-23,9656.85,,price_index_nse
2021-12-27,9622.45,,price_index_nse
2021-12-28,9718.7,,price_index_nse
2021-12-29,9719.45,,price_index_nse
2021-12-30,9704.05,,price_index_nse
2022-01-03,9940.4,,price_index_nse
2022-01-04,9996.2,,price_index_nse
2022-01-05,10029.8,,price_index_nse
2022-01-06,9982.15,,price_index_nse
2022-01-10,10101.65,,price_index_nse
2022-01-11,10122.5,,price_index_nse
2022-01-12,10225.6,,price_index_nse
2022-01-13,10265.6,,price_index_nse
2022-01-17,10296.65,,price_index_nse
2022-01-18,10142.2,,price_index_nse
2022-01-19,10092.3,,price_index_nse
2022-01-20,10035.75,,price_index_nse
2022-01-24,9562.05,,price_index_nse
2022-01-27,9535.1,,price_index_nse
2022-01-31,9738.95,,price_index_nse
2022-02-01,9858.2,,price_index_nse
2022-02-02,9970.05,,price_index_nse
2022-02-03,9864.7,,price_index_nse
2022-02-07,9695.65,,price_index_nse
2022-02-08,9666.45,,price_index_nse
2022-02-09,9775.1,,price_index_nse
2022-02-10,9823.65,,price_index_nse
2022-02-14,9328.7,,price_index_nse
2022-02-15,9585.55,,price_index_nse
2022-02-16,9569.55,,price_index_nse
2022-02-17,9554.95,,price_index_nse
2022-02-21,9421.3,,price_index_nse
2022-02-22,9349.35,,price_index_nse
2022-02-23,9365.75,,price_index_nse
2022-02-24,8884.3,,price_index_nse
2022-03-02,9198.15,,price_index_nse
2022-03-03,9160.05,,price_index_nse
2022-03-07,8783.5,,price_index_nse
2022-03-08,8875.1,,price_index_nse
2022-03-09,9052.5,,price_index_nse
2022-03-10,9171.95,,price_index_nse
2022-03-14,9269.55,,price_index_nse
2022-03-15,9176.8,,price_index_nse
2022-03-16,9354.55,,price_index_nse
2022-03-21,9439.4,,price_index_nse
2022-03-22,9494.35,,price_index_nse
2022-03-23,9495.75,,price_index_nse
2022-03-24,9515.55,,price_index_nse
2022-03-28,9496.2,,price_index_nse
2022-03-29,9552.7,,price_index_nse
2022-03-30,9639.7,,price_index_nse
2022-03-31,9650.2,,price_index_nse
2022-04-04,9946.85,,price_index_nse
2022-04-05,10003.55,,price_index_nse
2022-04-06,9993.25,,price_index_nse
2022-04-07,9906.55,,price_index_nse
2022-04-11,10019.45,,price_index_nse
2022-04-12,9885.95,,price_index_nse
2022-04-18,9739.35,,price_index_nse
2022-04-19,9615.3,,price_index_nse
2022-04-20,9691.8,,price_index_nse
2022-04-21,9811.85,,price_index_nse
2022-04-25,9558.55,,price_index_nse
2022-04-26,9704.15,,price_index_nse
2022-04-27,9614.5,,price_index_nse
2022-04-28,9702.35,,price_index_nse
2022-05-02,9590.45,,price_index_nse
2022-05-04,9377.8,,price_index_nse
2022-05-05,9382.35,,price_index_nse
2022-05-06,9222.6,,price_index_nse
2022-05-09,9102.3,,price_index_nse
2022-05-10,8987.7,,price_index_nse
2022-05-11,8938.95,,price_index_nse
2022-05-12,8740.55,,price_index_nse
2022-05-13,8773.0,,price_index_nse
2022-05-16,8854.2,,price_index_nse
2022-05-17,9081.4,,price_index_nse
2022-05-18,9072.4,,price_index_nse
2022-05-19,8828.45,,price_index_nse
2022-05-20,9036.5,,price_index_nse
2022-05-23,9000.1,,price_index_nse
2022-05-24,8945.5,,price_index_nse
2022-05-25,8809.65,,price_index_nse
2022-05-26,8903.95,,price_index_nse
2022-05-27,9007.35,,price_index_nse
2022-05-30,9201.05,,price_index_nse
2022-05-31,9183.55,,price_index_nse
2022-06-01,9178.65,,price_index_nse
2022-06-02,9231.7,,price_index_nse
2022-06-06,9127.25,,price_index_nse
2022-06-07,9054.65,,price_index_nse
2022-06-08,9019.9,,price_index_nse
2022-06-09,9072.6,,price_index_nse
2022-06-13,8732.6,,price_index_nse
2022-06-14,8713.7,,price_index_nse
2022-06-15,8719.85,,price_index_nse
2022-06-16,8531.7,,price_index_nse
2022-06-20,8383.95,,price_index_nse
2022-06-21,8596.95,,price_index_nse
2022-06-22,8469.8,,price_index_nse
2022-06-23,8559.2,,price_index_nse
2022-06-27,8740.45,,price_index_nse
2022-06-28,8762.5,,price_index_nse
2022-06-29,8737.4,,price_index_nse
2022-06-30,8705.95,,price_index_nse
2022-07-04,8773.8,,price_index_nse
2022-07-05,8764.05,,price_index_nse
2022-07-06,8895.85,,price_index_nse
2022-07-07,8994.5,,price_index_nse
2022-07-11,9084.15,,price_index_nse
2022-07-12,9020.6,,price_index_nse
2022-07-13,9001.65,,price_index_nse
2022-07-14,8991.55,,price_index_nse
2022-07-18,9176.05,,price_index_nse
2022-07-19,9228.6,,price_index_nse
2022-07-20,9278.3,,price_index_nse
2022-07-21,9368.9,,price_index_nse
2022-07-25,9376.8,,price_index_nse
2022-07-26,9282.5,,price_index_nse
2022-07-27,9365.7,,price_index_nse
2022-07-28,9477.35,,price_index_nse
2022-08-01,9734.85,,price_index_nse
2022-08-02,9762.9,,price_index_nse
2022-08-03,9744.6,,price_index_nse
2022-08-04,9772.95,,price_index_nse
2022-08-10,9826.75,,price_index_nse
2022-08-11,9901.75,,price_index_nse
2022-08-16,10054.85,,price_index_nse
2022-08-17,10111.0,,price_index_nse
2022-08-18,10127.1,,price_index_nse
2022-08-22,9842.45,,price_index_nse
2022-08-23,9912.95,,price_index_nse
2022-08-24,9956.4,,price_index_nse
2022-08-25,9941.8,,price_index_nse
2022-08-29,9869.45,,price_index_nse
2022-09-01,10053.55,,price_index_nse
2022-09-05,10094.75,,price_index_nse
2022-09-06,10116.55,,price_index_nse
2022-09-07,10137.6,,price_index_nse
2022-09-08,10199.95,,price_index_nse
2022-09-12,10304.8,,price_index_nse
2022-09-13,10349.35,,price_index_nse
2022-09-14,10318.0,,price_index_nse
2022-09-15,10310.35,,price_index_nse
2022-09-19,10098.4,,price_index_nse
2022-09-20,10227.75,,price_index_nse
2022-09-21,10155.85,,price_index_nse
2022-09-22,10156.0,,price_index_nse
2022-09-26,9715.05,,price_index_nse
2022-09-27,9716.2,,price_index_nse
2022-09-28,9662.65,,price_index_nse
2022-09-29,9669.45,,price_index_nse
2022-10-03,9694.9,,price_index_nse
2022-10-06,9996.35,,price_index_nse
2022-10-10,9907.5,,price_index_nse
2022-10-11,9752.65,,price_index_nse
2022-10-12,9818.85,,price_index_nse
2022-10-13,9754.15,,price_index_nse
2022-10-17,9831.45,,price_index_nse
2022-10-18,9931.2,,price_index_nse
2022-10-19,9939.75,,price_index_nse
2022-10-20,9946.8,,price_index_nse
2022-10-24,9979.55,,price_index_nse
2022-10-27,10027.7,,price_index_nse
2022-10-31,10131.25,,price_index_nse
2022-11-01,10212.6,,price_index_nse
2022-11-02,10194.6,,price_index_nse
2022-11-03,10195.7,,price_index_nse
2022-11-09,10228.95,,price_index_nse
2022-11-10,10143.7,,price_index_nse
2022-11-14,10232.95,,price_index_nse
2022-11-15,10249.45,,price_index_nse
2022-11-16,10213.55,,price_index_nse
2022-11-17,10169.3,,price_index_nse
2022-11-21,10093.85,,price_index_nse
2022-11-22,10132.45,,price_index_nse
2022-11-23,10151.5,,price_index_nse
2022-11-24,10225.75,,price_index_nse
2022-11-28,10324.9,,price_index_nse
2022-11-29,10324.0,,price_index_nse
2022-11-30,10415.9,,price_index_nse
2022-12-01,10469.7,,price_index_nse
2022-12-05,10488.15,,price_index_nse
2022-12-06,10450.15,,price_index_nse
2022-12-07,10405.65,,price_index_nse
2022-12-08,10443.75,,price_index_nse
2022-12-12,10404.95,,price_index_nse
2022-12-13,10452.2,,price_index_nse
2022-12-14,10501.3,,price_index_nse
2022-12-15,10388.8,,price_index_nse
2022-12-19,10338.45,,price_index_nse
2022-12-20,10320.25,,price_index_nse
2022-12-21,10181.1,,price_index_nse
2022-12-22,10110.75,,price_index_nse
2022-12-26,10014.85,,price_index_nse
2022-12-27,10097.05,,price_index_nse
2022-12-28,10115.25,,price_index_nse
2022-12-29,10142.8,,price_index_nse
2023-01-02,10200.7,,price_index_nse
2023-01-03,10222.7,,price_index_nse
2023-01-04,10120.5,,price_index_nse
2023-01-05,10133.7,,price_index_nse
2023-01-09,10167.8,,price_index_nse
2023-01-10,10100.35,,price_index_nse
2023-01-11,10077.25,,price_index_nse
2023-01-12,10058.7,,price_index_nse
2023-01-16,10055.9,,price_index_nse
2023-01-17,10092.3,,price_index_nse
2023-01-18,10138.95,,price_index_nse
2023-01-19,10116.75,,price_index_nse
2023-01-23,10091.75,,price_index_nse
2023-01-24,10073.0,,price_index_nse
2023-01-30,9754.95,,price_index_nse
2023-01-31,9837.8,,price_index_nse
2023-02-01,9771.9,,price_index_nse
2023-02-02,9773.5,,price_index_nse
2023-02-06,9843.4,,price_index_nse
2023-02-07,9831.3,,price_index_nse
2023-02-08,9914.7,,price_index_nse
2023-02-09,9920.15,,price_index_nse
2023-02-13,9825.65,,price_index_nse
2023-02-14,9839.35,,price_index_nse
2023-02-15,9886.45,,price_index_nse
2023-02-16,9932.3,,price_index_nse
2023-02-20,9849.1,,price_index_nse
2023-02-21,9829.55,,price_index_nse
2023-02-22,9705.45,,price_index_nse
2023-02-23,9680.0,,price_index_nse
2023-02-27,9604.85,,price_index_nse
2023-02-28,9615.6,,price_index_nse
2023-03-01,9727.45,,price_index_nse
2023-03-02,9686.65,,price_index_nse
2023-03-08,9879.65,,price_index_nse
2023-03-09,9809.25,,price_index_nse
2023-03-13,9576.3,,price_index_nse
2023-03-14,9515.55,,price_index_nse
2023-03-15,9500.25,,price_index_nse
2023-03-16,9506.2,,price_index_nse
2023-03-20,9480.75,,price_index_nse
2023-03-21,9540.0,,price_index_nse
2023-03-22,9568.75,,price_index_nse
2023-03-23,9531.35,,price_index_nse
2023-03-27,9418.05,,price_index_nse
2023-03-28,9387.5,,price_index_nse
2023-04-05,9698.3,,price_index_nse
2023-04-10,9768.2,,price_index_nse
2023-04-11,9815.8,,price_index_nse
2023-04-12,9869.35,,price_index_nse
2023-04-17,9872.4,,price_index_nse
2023-04-18,9892.5,,price_index_nse
2023-04-19,9868.8,,price_index_nse
2023-04-20,9866.65,,price_index_nse
2023-04-24,9888.5,,price_index_nse
2023-04-25,9895.05,,price_index_nse
2023-04-26,9913.1,,price_index_nse
2023-04-27,9968.5,,price_index_nse
2023-05-02,10133.9,,price_index_nse
2023-05-03,10133.0,,price_index_nse
2023-05-04,10210.75,,price_index_nse
2023-05-05,10132.15,,price_index_nse
2023-05-08,10229.65,,price_index_nse
2023-05-09,10231.5,,price_index_nse
2023-05-10,10251.7,,price_index_nse
2023-05-11,10268.6,,price_index_nse
2023-05-12,10255.15,,price_index_nse
2023-05-15,10305.55,,price_index_nse
2023-05-16,10290.8,,price_index_nse
2023-05-17,10257.6,,price_index_nse
2023-05-18,10207.85,,price_index_nse
2023-05-19,10222.2,,price_index_nse
2023-05-22,10283.95,,price_index_nse
2023-05-23,10324.95,,price_index_nse
2023-05-24,10318.8,,price_index_nse
2023-05-25,10347.2,,price_index_nse
2023-05-26,10437.5,,price_index_nse
2023-05-29,10483.25,,price_index_nse
2023-05-30,10510.2,,price_index_nse
2023-05-31,10508.1,,price_index_nse
2023-06-01,10509.4,,price_index_nse
2023-06-05,10580.15,,price_index_nse
2023-06-06,10590.0,,price_index_nse
2023-06-07,10687.7,,price_index_nse
2023-06-08,10631.2,,price_index_nse
2023-06-12,10651.55,,price_index_nse
2023-06-13,10750.05,,price_index_nse
2023-06-14,10775.95,,price_index_nse
2023-06-15,10770.9,,price_index_nse
2023-06-19,10833.0,,price_index_nse
2023-06-20,10876.1,,price_index_nse
2023-06-21,10926.7,,price_index_nse
2023-06-22,10850.0,,price_index_nse
2023-06-26,10801.85,,price_index_nse
2023-06-27,10861.75,,price_index_nse
2023-07-03,11070.6,,price_index_nse
2023-07-04,11074.95,,price_index_nse
2023-07-05,11114.2,,price_index_nse
2023-07-06,11188.55,,price_index_nse
2023-07-10,11077.65,,price_index_nse
2023-07-11,11146.1,,price_index_nse
2023-07-12,11161.45,,price_index_nse
2023-07-13,11132.65,,price_index_nse
2023-07-17,11290.2,,price_index_nse
2023-07-18,11287.65,,price_index_nse
2023-07-19,11345.7,,price_index_nse
2023-07-20,11392.85,,price_index_nse
2023-07-24,11299.35,,price_index_nse
2023-07-25,11334.55,,price_index_nse
2023-07-26,11380.1,,price_index_nse
2023-07-27,11363.25,,price_index_nse
2023-07-31,11495.15,,price_index_nse
2023-08-01,11494.05,,price_index_nse
2023-08-02,11360.3,,price_index_nse
2023-08-03,11322.7,,price_index_nse
2023-08-07,11453.9,,price_index_nse
2023-08-08,11461.85,,price_index_nse
2023-08-09,11496.45,,price_index_nse
2023-08-10,11469.45,,price_index_nse
2023-08-16,11416.15,,price_index_nse
2023-08-17,11406.85,,price_index_nse
2023-08-21,11453.85,,price_index_nse
2023-08-22,11522.9,,price_index_nse
2023-08-23,11556.1,,price_index_nse
2023-08-24,11560.95,,price_index_nse
2023-08-28,11519.35,,price_index_nse
2023-08-29,11556.45,,price_index_nse
2023-08-30,11600.4,,price_index_nse
2023-08-31,11587.05,,price_index_nse
2023-09-04,11767.3,,price_index_nse
2023-09-05,11848.8,,price_index_nse
2023-09-06,11863.7,,price_index_nse
2023-09-07,11935.6,,price_index_nse
2023-09-11,12142.15,,price_index_nse
2023-09-12,11933.0,,price_index_nse
2023-09-13,11961.45,,price_index_nse
2023-09-14,12033.15,,price_index_nse
2023-09-20,11943.65,,price_index_nse
2023-09-21,11844.55,,price_index_nse
2023-09-25,11851.55,,price_index_nse
2023-09-26,11847.5,,price_index_nse
2023-09-27,11908.15,,price_index_nse
2023-09-28,11778.35,,price_index_nse
2023-10-03,11867.6,,price_index_nse
2023-10-04,11755.35,,price_index_nse
2023-10-05,11781.85,,price_index_nse
2023-10-09,11722.6,,price_index_nse
2023-10-10,11852.15,,price_index_nse
2023-10-11,11918.05,,price_index_nse
2023-10-12,11929.85,,price_index_nse
2023-10-16,11919.2,,price_index_nse
2023-10-17,11969.2,,price_index_nse
2023-10-18,11881.85,,price_index_nse
2023-10-19,11859.65,,price_index_nse
2023-10-25,11449.35,,price_index_nse
2023-10-26,11307.65,,price_index_nse
2023-10-30,11488.25,,price_index_nse
2023-10-31,11487.45,,price_index_nse
2023-11-01,11451.0,,price_index_nse
2023-11-02,11569.15,,price_index_nse
2023-11-06,11749.95,,price_index_nse
2023-11-07,11771.2,,price_index_nse
2023-11-08,11844.25,,price_index_nse
2023-11-09,11828.85,,price_index_nse
2023-11-12,11929.85,,price_index_nse
2023-11-15,12025.9,,price_index_nse
2023-11-16,12094.85,,price_index_nse
2023-11-20,12100.6,,price_index_nse
2023-11-21,12125.6,,price_index_nse
2023-11-22,12141.5,,price_index_nse
2023-11-23,12147.85,,price_index_nse
2023-11-28,12220.35,,price_index_nse
2023-11-29,12321.25,,price_index_nse
2023-11-30,12389.8,,price_index_nse
2023-12-04,12691.65,,price_index_nse
2023-12-05,12773.7,,price_index_nse
2023-12-06,12821.25,,price_index_nse
2023-12-07,12857.7,,price_index_nse
2023-12-11,12915.25,,price_index_nse
2023-12-12,12856.4,,price_index_nse
2023-12-13,12923.7,,price_index_nse
2023-12-14,13076.2,,price_index_nse
2023-12-18,13177.9,,price_index_nse
2023-12-19,13163.35,,price_index_nse
2023-12-20,12853.9,,price_index_nse
2023-12-21,12987.9,,price_index_nse
2023-12-26,13141.95,,price_index_nse
2023-12-27,13227.7,,price_index_nse
2023-12-28,13294.85,,price_index_nse
2024-01-01,13389.75,,price_index_nse
2024-01-02,13358.5,,price_index_nse
2024-01-03,13346.35,,price_index_nse
2024-01-04,13495.25,,price_index_nse
2024-01-08,13409.05,,price_index_nse
2024-01-09,13434.85,,price_index_nse
2024-01-10,13473.3,,price_index_nse
2024-01-11,13519.85,,price_index_nse
2024-01-15,13701.4,,price_index_nse
2024-01-16,13659.75,,price_index_nse
2024-01-17,13454.55,,price_index_nse
2024-01-18,13419.75,,price_index_nse
2024-01-19,13578.55,,price_index_nse
2024-01-23,13271.55,,price_index_nse
2024-01-24,13458.25,,price_index_nse
2024-01-29,13616.3,,price_index_nse
2024-01-30,13532.4,,price_index_nse
2024-01-31,13703.45,,price_index_nse
2024-02-01,13659.95,,price_index_nse
2024-02-05,13717.1,,price_index_nse
2024-02-06,13856.0,,price_index_nse
2024-02-07,13923.05,,price_index_nse
2024-02-08,13857.85,,price_index_nse
2024-02-12,13578.3,,price_index_nse
2024-02-13,13640.45,,price_index_nse
2024-02-14,13739.7,,price_index_nse
2024-02-15,13833.45,,price_index_nse
2024-02-19,13986.1,,price_index_nse
2024-02-20,13995.15,,price_index_nse
2024-02-21,13875.7,,price_index_nse
2024-02-22,13985.9,,price_index_nse
2024-02-26,13972.3,,price_index_nse
2024-02-27,13981.6,,price_index_nse
2024-02-28,13773.85,,price_index_nse
2024-02-29,13826.85,,price_index_nse
2024-03-01,13985.1,,price_index_nse
2024-03-04,14063.25,,price_index_nse
2024-03-05,14032.25,,price_index_nse
2024-03-06,14013.85,,price_index_nse
2024-03-11,13970.65,,price_index_nse
2024-03-12,13865.55,,price_index_nse
2024-03-13,13442.7,,price_index_nse
2024-03-14,13652.05,,price_index_nse
2024-03-18,13590.6,,price_index_nse
2024-03-19,13434.0,,price_index_nse
2024-03-20,13439.75,,price_index_nse
2024-03-21,13660.55,,price_index_nse
2024-03-26,13784.4,,price_index_nse
2024-03-27,13822.35,,price_index_nse
2024-04-01,14102.85,,price_index_nse
2024-04-02,14191.6,,price_index_nse
2024-04-03,14227.3,,price_index_nse
2024-04-04,14251.2,,price_index_nse
2024-04-08,14353.15,,price_index_nse
2024-04-09,14325.75,,price_index_nse
2024-04-15,14138.5,,price_index_nse
2024-04-18,14035.4,,price_index_nse
2024-04-22,14153.1,,price_index_nse
2024-04-23,14236.5,,price_index_nse
2024-04-24,14311.3,,price_index_nse
2024-04-25,14389.8,,price_index_nse
2024-04-29,14504.4,,price_index_nse
2024-05-02,14584.3,,price_index_nse
2024-05-03,14509.8,,price_index_nse
2024-05-06,14450.1,,price_index_nse
2024-05-07,14253.95,,price_index_nse
2024-05-08,14310.9,,price_index_nse
2024-05-09,14070.0,,price_index_nse
2024-05-10,14176.0,,price_index_nse
2024-05-13,14227.05,,price_index_nse
2024-05-14,14344.15,,price_index_nse
2024-05-15,14417.8,,price_index_nse
2024-05-16,14553.45,,price_index_nse
2024-05-17,14662.75,,price_index_nse
2024-05-18,14722.85,,price_index_nse
2024-05-21,14765.25,,price_index_nse
2024-05-22,14806.7,,price_index_nse
2024-05-23,14948.75,,price_index_nse
2024-05-24,14944.35,,price_index_nse
2024-05-27,14966.85,,price_index_nse
2024-05-28,14881.5,,price_index_nse
2024-05-29,14804.0,,price_index_nse
2024-05-30,14648.75,,price_index_nse
2024-05-31,14708.6,,price_index_nse
2024-06-03,15186.9,,price_index_nse
2024-06-04,14145.35,,price_index_nse
2024-06-05,14671.45,,price_index_nse
2024-06-06,14913.45,,price_index_nse
2024-06-10,15191.3,,price_index_nse
2024-06-11,15255.6,,price_index_nse
2024-06-12,15358.65,,price_index_nse
2024-06-13,15451.7,,price_index_nse
2024-06-18,15652.4,,price_index_nse
2024-06-19,15541.1,,price_index_nse
2024-06-20,15625.3,,price_index_nse
2024-06-24,15623.6,,price_index_nse
2024-06-25,15645.1,,price_index_nse
2024-06-26,15656.75,,price_index_nse
2024-06-27,15721.5,,price_index_nse
2024-07-01,15878.0,,price_index_nse
2024-07-02,15821.5,,price_index_nse
2024-07-03,15941.9,,price_index_nse
2024-07-04,16006.95,,price_index_nse
2024-07-08,16051.0,,price_index_nse
2024-07-09,16111.35,,price_index_nse
2024-07-10,16052.55,,price_index_nse
2024-07-11,16072.3,,price_index_nse
2024-07-15,16206.7,,price_index_nse
2024-07-18,16161.85,,price_index_nse
2024-07-22,15987.65,,price_index_nse
2024-07-23,15930.4,,price_index_nse
2024-07-24,15990.7,,price_index_nse
2024-07-25,15976.6,,price_index_nse
2024-07-29,16345.65,,price_index_nse
2024-07-30,16388.95,,price_index_nse
2024-07-31,16466.25,,price_index_nse
2024-08-01,16418.0,,price_index_nse
2024-08-05,15730.95,,price_index_nse
2024-08-06,15651.95,,price_index_nse
2024-08-07,15951.65,,price_index_nse
2024-08-08,15865.0,,price_index_nse
2024-08-12,16018.15,,price_index_nse
2024-08-13,15883.45,,price_index_nse
2024-08-19,16151.55,,price_index_nse
2024-08-20,16264.15,,price_index_nse
2024-08-21,16319.95,,price_index_nse
2024-08-22,16391.9,,price_index_nse
2024-08-26,16443.65,,price_index_nse
2024-08-27,16487.7,,price_index_nse
2024-08-28,16486.55,,price_index_nse
2024-08-29,16472.55,,price_index_nse
2024-09-02,16564.55,,price_index_nse
2024-09-03,16585.85,,price_index_nse
2024-09-04,16558.05,,price_index_nse
2024-09-05,16577.25,,price_index_nse
2024-09-09,16371.2,,price_index_nse
2024-09-10,16491.55,,price_index_nse
2024-09-11,16430.7,,price_index_nse
2024-09-12,16674.1,,price_index_nse
2024-09-16,16753.45,,price_index_nse
2024-09-17,16748.05,,price_index_nse
2024-09-18,16673.25,,price_index_nse
2024-09-19,16631.6,,price_index_nse
2024-09-23,16993.75,,price_index_nse
2024-09-24,17021.1,,price_index_nse
2024-09-25,16977.45,,price_index_nse
2024-09-26,17046.05,,price_index_nse
2024-09-30,16910.05,,price_index_nse
2024-10-03,16571.9,,price_index_nse
2024-10-07,16154.4,,price_index_nse
2024-10-08,16410.95,,price_index_nse
2024-10-09,16505.45,,price_index_nse
2024-10-10,16493.85,,price_index_nse
2024-10-14,16596.9,,price_index_nse
2024-10-15,16608.25,,price_index_nse
2024-10-16,16563.2,,price_index_nse
2024-10-17,16332.0,,price_index_nse
2024-10-21,16213.95,,price_index_nse
2024-10-22,15881.8,,price_index_nse
2024-10-23,15913.55,,price_index_nse
2024-10-24,15879.45,,price_index_nse
2024-10-28,15757.7,,price_index_nse
2024-10-29,15868.85,,price_index_nse
2024-10-30,15848.15,,price_index_nse
2024-10-31,15790.55,,price_index_nse
2024-11-04,15685.8,,price_index_nse
2024-11-05,15785.35,,price_index_nse
2024-11-06,16058.7,,price_index_nse
2024-11-07,15927.85,,price_index_nse
2024-11-11,15727.8,,price_index_nse
2024-11-12,15562.55,,price_index_nse
2024-11-13,15237.75,,price_index_nse
2024-11-18,15245.4,,price_index_nse
2024-11-21,15236.4,,price_index_nse
2024-11-25,15712.4,,price_index_nse
2024-11-26,15712.65,,price_index_nse
2024-11-27,15793.25,,price_index_nse
2024-11-28,15706.75,,price_index_nse
2024-12-02,15921.25,,price_index_nse
2024-12-03,16052.9,,price_index_nse
2024-12-04,16137.8,,price_index_nse
2024-12-05,16244.75,,price_index_nse
2024-12-09,16290.0,,price_index_nse
2024-12-10,16314.95,,price_index_nse
2024-12-11,16352.7,,price_index_nse
2024-12-12,16283.25,,price_index_nse
2024-12-16,16365.6,,price_index_nse
2024-12-17,16206.95,,price_index_nse
2024-12-18,16099.5,,price_index_nse
2024-12-19,16000.75,,price_index_nse
2024-12-23,15722.9,,price_index_nse
2024-12-26,15734.4,,price_index_nse
2024-12-30,15704.55,,price_index_nse
2024-12-31,15714.8,,price_index_nse
2025-01-01,15786.1,,price_index_nse
2025-01-02,16009.05,,price_index_nse
2025-01-06,15588.2,,price_index_nse
2025-01-07,15679.25,,price_index_nse
2025-01-08,15580.35,,price_index_nse
2025-01-09,15456.5,,price_index_nse
2025-01-13,14796.7,,price_index_nse
2025-01-14,15013.95,,price_index_nse
2025-01-15,15062.75,,price_index_nse
2025-01-16,15190.25,,price_index_nse
2025-01-20,15277.25,,price_index_nse
2025-01-21,15003.6,,price_index_nse
2025-01-22,14934.15,,price_index_nse
2025-01-23,15092.2,,price_index_nse
2025-01-27,14597.2,,price_index_nse
2025-01-28,14586.0,,price_index_nse
2025-01-29,14840.45,,price_index_nse
2025-01-30,14876.9,,price_index_nse
2025-01-31,15092.3,,price_index_nse
2025-02-03,14940.7,,price_index_nse
2025-02-04,15163.95,,price_index_nse
2025-02-05,15215.95,,price_index_nse
2025-02-06,15105.35,,price_index_nse
2025-02-10,14876.65,,price_index_nse
2025-02-11,14546.9,,price_index_nse
2025-02-12,14513.55,,price_index_nse
2025-02-13,14523.65,,price_index_nse
2025-02-17,14327.05,,price_index_nse
2025-02-18,14311.1,,price_index_nse
2025-02-19,14423.4,,price_index_nse
2025-02-20,14528.15,,price_index_nse
2025-02-24,14260.0,,price_index_nse
2025-02-27,14114.45,,price_index_nse
2025-03-03,13827.15,,price_index_nse
2025-03-04,13834.9,,price_index_nse
2025-03-05,14096.7,,price_index_nse
2025-03-06,14204.65,,price_index_nse
2025-03-10,14041.65,,price_index_nse
2025-03-11,14086.55,,price_index_nse
2025-03-12,14044.7,,price_index_nse
2025-03-17,14066.35,,price_index_nse
2025-03-18,14326.15,,price_index_nse
2025-03-19,14529.75,,price_index_nse
2025-03-20,14652.4,,price_index_nse
2025-03-24,14982.2,,price_index_nse
2025-03-25,14893.95,,price_index_nse
2025-03-26,14794.4,,price_index_nse
2025-03-27,14869.45,,price_index_nse
2025-04-01,14642.05,,price_index_nse
2025-04-02,14804.4,,price_index_nse
2025-04-03,14797.9,,price_index_nse
2025-04-07,13963.95,,price_index_nse
2025-04-08,14235.1,,price_index_nse
2025-04-15,14800.55,,price_index_nse
2025-04-16,14892.6,,price_index_nse
2025-04-21,15315.15,,price_index_nse
2025-04-22,15394.25,,price_index_nse
2025-04-23,15521.85,,price_index_nse
2025-04-24,15485.0,,price_index_nse
2025-04-28,15400.7,,price_index_nse
2025-04-29,15416.05,,price_index_nse
2025-05-02,15304.4,,price_index_nse
2025-05-05,15474.6,,price_index_nse
2025-05-06,15265.15,,price_index_nse
2025-05-07,15395.85,,price_index_nse
2025-05-08,15195.0,,price_index_nse
2025-05-09,15122.65,,price_index_nse
2025-05-12,15698.4,,price_index_nse
2025-05-13,15626.35,,price_index_nse
2025-05-14,15759.35,,price_index_nse
2025-05-15,15931.75,,price_index_nse
2025-05-16,16007.35,,price_index_nse
2025-05-19,16007.25,,price_index_nse
2025-05-20,15786.95,,price_index_nse
2025-05-21,15899.75,,price_index_nse
2025-05-22,15812.65,,price_index_nse
2025-05-23,15931.0,,price_index_nse
2025-05-26,16020.4,,price_index_nse
2025-05-27,15987.95,,price_index_nse
2025-05-28,15968.65,,price_index_nse
2025-05-29,16037.85,,price_index_nse
2025-05-30,15994.95,,price_index_nse
2025-06-02,16036.35,,price_index_nse
2025-06-03,15954.05,,price_index_nse
2025-06-04,16044.1,,price_index_nse
2025-06-05,16138.9,,price_index_nse
2025-06-09,16432.5,,price_index_nse
2025-06-10,16437.3,,price_index_nse
2025-06-11,16416.85,,price_index_nse
2025-06-12,16195.45,,price_index_nse
2025-06-16,16242.2,,price_index_nse
2025-06-17,16156.6,,price_index_nse
2025-06-18,16101.85,,price_index_nse
2025-06-19,15947.8,,price_index_nse
2025-06-23,16148.35,,price_index_nse
2025-06-24,16237.55,,price_index_nse
2025-06-25,16341.9,,price_index_nse
2025-06-26,16477.5,,price_index_nse
2025-06-30,16572.25,,price_index_nse
2025-07-01,16563.3,,price_index_nse
2025-07-02,16531.35,,price_index_nse
2025-07-03,16524.75,,price_index_nse
2025-07-07,16524.35,,price_index_nse
2025-07-08,16529.3,,price_index_nse
2025-07-09,16513.15,,price_index_nse
2025-07-10,16454.7,,price_index_nse
2025-07-14,16359.75,,price_index_nse
2025-07-15,16475.15,,price_index_nse
2025-07-16,16490.55,,price_index_nse
2025-07-17,16464.0,,price_index_nse
2025-07-21,16450.65,,price_index_nse
2025-07-22,16394.9,,price_index_nse
2025-07-23,16464.5,,price_index_nse
2025-07-24,16383.75,,price_index_nse
2025-07-28,16047.5,,price_index_nse
2025-07-29,16167.95,,price_index_nse
2025-07-30,16193.05,,price_index_nse
2025-07-31,16095.25,,price_index_nse
2025-08-04,16067.3,,price_index_nse
2025-08-05,16029.1,,price_index_nse
2025-08-06,15924.45,,price_index_nse
2025-08-07,15954.45,,price_index_nse
2025-08-11,15886.85,,price_index_nse
2025-08-12,15841.0,,price_index_nse
2025-08-13,15934.5,,price_index_nse
2025-08-18,16095.1,,price_index_nse
2025-08-19,16208.75,,price_index_nse
2025-08-20,16270.25,,price_index_nse
2025-08-21,16241.35,,price_index_nse
2025-08-25,16188.25,,price_index_nse
2025-08-28,15812.25,,price_index_nse
2025-09-01,15953.85,,price_index_nse
2025-09-02,15963.0,,price_index_nse
2025-09-03,16062.35,,price_index_nse
2025-09-04,16010.45,,price_index_nse
2025-09-08,16061.6,,price_index_nse
2025-09-09,16104.95,,price_index_nse
2025-09-10,16215.5,,price_index_nse
2025-09-11,16232.25,,price_index_nse
2025-09-15,16318.75,,price_index_nse
2025-09-16,16423.05,,price_index_nse
2025-09-17,16465.6,,price_index_nse
2025-09-18,16520.1,,price_index_nse
2025-09-22,16427.65,,price_index_nse
2025-09-23,16388.2,,price_index_nse
2025-09-24,16269.0,,price_index_nse
2025-09-25,16160.3,,price_index_nse
2025-09-29,15945.65,,price_index_nse
2025-09-30,15946.5,,price_index_nse
2025-10-06,16281.05,,price_index_nse
2025-10-07,16323.0,,price_index_nse
2025-10-08,16235.95,,price_index_nse
2025-10-09,16347.45,,price_index_nse
2025-10-13,16395.1,,price_index_nse
2025-10-14,16308.8,,price_index_nse
2025-10-15,16450.65,,price_index_nse
2025-10-16,16567.6,,price_index_nse
2025-10-20,16646.35,,price_index_nse
2025-10-23,16664.8,,price_index_nse
2025-10-27,16735.6,,price_index_nse
2025-10-28,16719.95,,price_index_nse
2025-10-29,16819.3,,price_index_nse
2025-10-30,16755.0,,price_index_nse
2025-11-03,16755.2,,price_index_nse
2025-11-06,16552.5,,price_index_nse
2025-11-10,16653.45,,price_index_nse
2025-11-11,16724.9,,price_index_nse
2025-11-12,16839.75,,price_index_nse
2025-11-13,16814.3,,price_index_nse
2025-11-17,16917.1,,price_index_nse
2025-11-18,16826.2,,price_index_nse
2025-11-19,16891.75,,price_index_nse
2025-11-20,16925.0,,price_index_nse
2025-11-24,16707.25,,price_index_nse
2025-11-25,16712.2,,price_index_nse
2025-11-26,16925.75,,price_index_nse
2025-11-27,16926.55,,price_index_nse
2025-12-01,16900.7,,price_index_nse
2025-12-02,16843.85,,price_index_nse
2025-12-03,16741.6,,price_index_nse
2025-12-04,16754.05,,price_index_nse
2025-12-08,16599.3,,price_index_nse
2025-12-09,16605.35,,price_index_nse
2025-12-10,16503.8,,price_index_nse
2025-12-11,16619.15,,price_index_nse
2025-12-15,16759.65,,price_index_nse
2025-12-16,16644.25,,price_index_nse
2025-12-17,16582.5,,price_index_nse
2025-12-18,16594.45,,price_index_nse
2025-12-22,16875.9,,price_index_nse
2025-12-23,16891.5,,price_index_nse
2025-12-29,16723.4,,price_index_nse
2025-12-30,16708.3,,price_index_nse
2025-12-31,16854.95,,price_index_nse
2026-01-01,16900.55,,price_index_nse
2026-01-05,17013.65,,price_index_nse
2026-01-06,16981.05,,price_index_nse
2026-01-07,17008.85,,price_index_nse
2026-01-08,16746.9,,price_index_nse
2026-01-12,16626.0,,price_index_nse
2026-01-13,16595.45,,price_index_nse
2026-01-19,16544.0,,price_index_nse
2026-01-20,16211.65,,price_index_nse
2026-01-21,16104.7,,price_index_nse
2026-01-22,16252.3,,price_index_nse
2026-01-27,16106.5,,price_index_nse
2026-01-28,16310.85,,price_index_nse
2026-01-29,16344.0,,price_index_nse
2026-02-01,15976.1,,price_index_nse
2026-02-02,16139.75,,price_index_nse
2026-02-03,16582.2,,price_index_nse
2026-02-04,16654.2,,price_index_nse
2026-02-05,16585.05,,price_index_nse
2026-02-09,16789.55,,price_index_nse
2026-02-10,16843.05,,price_index_nse
2026-02-11,16857.5,,price_index_nse
2026-02-12,16769.6,,price_index_nse
2026-02-16,16623.5,,price_index_nse
2026-02-17,16666.05,,price_index_nse
2026-02-18,16746.1,,price_index_nse
2026-02-19,16490.65,,price_index_nse
2026-02-23,16600.15,,price_index_nse
2026-02-24,16500.0,,price_index_nse
2026-02-25,16580.45,,price_index_nse
2026-02-26,16637.25,,price_index_nse
2026-03-04,15877.7,,price_index_nse
2026-03-05,16094.5,,price_index_nse
2026-03-09,15644.5,,price_index_nse
2026-03-10,15855.45,,price_index_nse
2026-03-11,15643.55,,price_index_nse
2026-03-12,15562.3,,price_index_nse
2026-03-16,15221.85,,price_index_nse
2026-03-17,15358.35,,price_index_nse
2026-03-18,15568.1,,price_index_nse
2026-03-19,15075.9,,price_index_nse
2026-03-23,14650.1,,price_index_nse
2026-03-24,14960.55,,price_index_nse
2026-04-01,14865.4,,price_index_nse
2026-04-06,15046.15,,price_index_nse
2026-04-07,15101.8,,price_index_nse
2026-04-08,15699.6,,price_index_nse
2026-04-09,15663.25,,price_index_nse
2026-04-15,16089.05,,price_index_nse
2026-04-16,16146.05,,price_index_nse
2026-04-20,16304.9,,price_index_nse
2026-04-21,16415.8,,price_index_nse
2026-04-22,16391.7,,price_index_nse
2026-04-23,16282.45,,price_index_nse
2026-04-27,16306.05,,price_index_nse
2026-04-28,16283.45,,price_index_nse
2026-04-29,16328.4,,price_index_nse
2026-05-04,16286.4,,price_index_nse
2026-05-05,16279.5,,price_index_nse
2026-05-06,16523.3,,price_index_nse
2026-05-07,16618.7,,price_index_nse
2026-05-08,16558.45,,price_index_nse
2026-05-11,16344.0,,price_index_nse
2026-05-12,15977.15,,price_index_nse
2026-05-13,16050.25,,price_index_nse
2026-05-14,16238.9,,price_index_nse
2026-05-16,16610.25,,price_index_nse
2026-05-20,16610.25,,price_index_nse
